Clarence,cwhardley0@alexa.com,Male
Manolo,mwollard1@state.gov,Male
Sonnie,scaze2@hostgator.com,Male
Erma,eschule3@acquirethisname.com,Female
Eolanda,ekarlsson4@google.co.uk,Bigender
Vladimir,vsheere5@vkontakte.ru,Non-binary
Dickie,ddymick6@si.edu,Male
Yovonnda,yosullivan7@canalblog.com,Female
Mildred,mmcfeate8@boston.com,Female
Matthias,mkuban9@microsoft.com,Male
Perrine,pmaudea@msu.edu,Female
Aaron,afalkinderb@imageshack.us,Male
Adamo,adoodsonc@oracle.com,Male
Hailee,hformillid@arstechnica.com,Female
Mable,mfookse@google.com,Female
Alexandros,ahyattf@amazon.de,Male
Jessamine,jgiorgettig@reddit.com,Female
Gail,gholganh@latimes.com,Female
Kennan,kpeatti@pinterest.com,Male
Kellie,kwadforthj@baidu.com,Female
Jefferson,jkingek@technorati.com,Male
Matthaeus,mclifforthl@list-manage.com,Male
Mella,mgamlynm@google.ca,Female
Gene,gcockrenn@tmall.com,Female
Sianna,scurpheyo@webmd.com,Female
Lexi,lmeckiffp@hubpages.com,Female
Ailis,acockrenq@ehow.com,Female
Karole,kwitcherleyr@bing.com,Genderfluid
Quillan,qglasscoos@mashable.com,Male
Pete,pkiltiet@google.ca,Male
Homere,hteallu@sphinn.com,Male
Maren,mornilsv@blog.com,Female
Jessica,jdiverw@army.mil,Female
Nikolaus,nghilardix@gizmodo.com,Male
Webb,wkinleysidey@ask.com,Male
Pernell,psmallthwaitez@google.de,Male
Shelbi,sbeslier10@statcounter.com,Female
Enrique,ecollings11@goodreads.com,Male
Kahaleel,kverbrugghen12@reference.com,Male
Nichol,nzorer13@hexun.com,Female
Cosetta,cfrapwell14@google.com,Female
Oren,obrymham15@msn.com,Male
Corty,cmanginot16@jimdo.com,Male
Raffaello,rmichelet17@networkadvertising.org,Male
Nataline,nsolly18@newyorker.com,Female
Averill,arudgley19@mapquest.com,Male
Alexandrina,aehlerding1a@infoseek.co.jp,Female
Malinda,mjonuzi1b@mediafire.com,Female
Florida,fraubenheim1c@baidu.com,Female
Charla,cmaccarlich1d@psu.edu,Female
Noak,noliveira1e@google.nl,Bigender
Tiffie,tkoppel1f@craigslist.org,Female
Lavinie,lhaddock1g@ask.com,Female
Cortie,calsina1h@statcounter.com,Male
Gena,ghanselman1i@hugedomains.com,Female
Ermanno,eshayler1j@google.com,Male
Elliott,eesmead1k@howstuffworks.com,Male
Garwood,gandell1l@census.gov,Male
Rici,rklulik1m@blinklist.com,Female
Tirrell,tsprull1n@skyrock.com,Male
Rozella,rkrug1o@usatoday.com,Female
Michal,mtorbett1p@ameblo.jp,Bigender
Yolanda,ycusick1q@amazon.com,Female
Antons,apohls1r@alexa.com,Male
Denny,dmaclese1s@tripadvisor.com,Female
Helaine,heckh1t@sbwire.com,Female
Christel,cwinkett1u@diigo.com,Female
Jolene,jbehnke1v@1688.com,Female
Beaufort,boverton1w@amazonaws.com,Male
Annalee,alapere1x@flavors.me,Female
Manuel,mfaircliff1y@csmonitor.com,Male
Malena,mpaz1z@1688.com,Female
Elspeth,eisac20@usgs.gov,Female
Isiahi,ifilipchikov21@dion.ne.jp,Male
Benjamin,bshingles22@hexun.com,Male
Davita,ddate23@tuttocitta.it,Non-binary
Dall,doldred24@accuweather.com,Male
Leo,lberrisford25@mac.com,Male
Eadie,etownsend26@nps.gov,Female
Caye,cthwaites27@ox.ac.uk,Female
Willey,wmccahey28@chron.com,Male
Glynnis,gderuel29@4shared.com,Female
Darb,dconstable2a@baidu.com,Male
Ara,arobiot2b@unblog.fr,Male
Babara,bashbey2c@ebay.co.uk,Female
Thain,thumfrey2d@spiegel.de,Male
Lucina,lbillows2e@stanford.edu,Polygender
Guss,gdagless2f@qq.com,Male
Hayden,hkuschel2g@skyrock.com,Male
Sherlocke,slindegard2h@amazon.co.uk,Male
Abbott,acrass2i@feedburner.com,Male
Sela,sbritton2j@prnewswire.com,Female
Karrah,kpendrid2k@4shared.com,Female
Emmerich,ekenningham2l@cbc.ca,Male
Adelle,alamzed2m@wsj.com,Female
Jean,jwinskill2n@mapy.cz,Male
Gordan,gdanielski2o@sakura.ne.jp,Male
Almira,aeaglestone2p@xing.com,Female
Viviene,vcelle2q@issuu.com,Female
Annnora,avedmore2r@goo.gl,Female
Milka,mfoulsham2s@zimbio.com,Female
Chlo,cwhichelow2t@apache.org,Female
Isaac,itunesi2u@51.la,Male
Vanna,vgodney2v@wordpress.com,Female
Letty,ltewes2w@xrea.com,Agender
Brennen,bbarrabeale2x@google.nl,Male
Kenneth,klinfield2y@51.la,Male
Giusto,gmears2z@mozilla.com,Male
Katerine,kcooke30@liveinternet.ru,Female
Emmey,emarcoolyn31@psu.edu,Bigender
Grete,gwonham32@prweb.com,Female
Maxine,mgebhard33@fc2.com,Female
Fedora,fharle34@nba.com,Female
Ambur,abrands35@jigsy.com,Female
Gabey,gdellabbate36@ca.gov,Non-binary
Leah,lchampion37@wordpress.com,Female
Corri,cprozillo38@oracle.com,Female
Jerome,jpetrushanko39@digg.com,Male
Chaddie,cpaylie3a@desdev.cn,Male
Ravid,rocurrigan3b@theguardian.com,Male
Kaleena,kzanre3c@unc.edu,Female
Ilyse,imatevushev3d@thetimes.co.uk,Female
Glynnis,gbampkin3e@opera.com,Female
Johannah,jcregan3f@addtoany.com,Female
Langston,lfrosdick3g@scribd.com,Male
Stefan,sshimony3h@dropbox.com,Male
Franklyn,fbalcers3i@php.net,Male
Ashby,aselcraig3j@walmart.com,Male
Worth,weliot3k@xing.com,Male
Shaine,squaife3l@nyu.edu,Agender
Agnella,ajerrim3m@cnn.com,Female
Davey,dmacaskill3n@bloglovin.com,Male
Odella,osoppitt3o@joomla.org,Female
Leif,ljackett3p@unicef.org,Male
Martainn,mbumphries3q@goo.ne.jp,Male
Brendon,bcranfield3r@fda.gov,Male
Jens,jfennelow3s@freewebs.com,Non-binary
Laraine,lsayle3t@squarespace.com,Genderqueer
Hilliary,hdalbey3u@geocities.jp,Female
Latisha,lmattimoe3v@google.com.br,Female
Darryl,dcovey3w@mediafire.com,Female
Gisella,gstinson3x@google.com,Female
Gib,gsamudio3y@g.co,Male
Rhoda,rspurden3z@is.gd,Female
Darbee,ddissman40@symantec.com,Male
Denys,dlomis41@about.com,Female
Sandie,srobelet42@1und1.de,Female
Nancee,nruben43@cbslocal.com,Female
Prentice,pgurnee44@google.ru,Male
Kalil,kbleddon45@google.nl,Male
Marcos,mwoolen46@google.es,Male
Neel,ncustance47@china.com.cn,Male
Aldwin,abolles48@webeden.co.uk,Male
Bab,bavieson49@bluehost.com,Female
Osbourne,ostubs4a@newsvine.com,Male
Felita,fmassimo4b@psu.edu,Female
Goldy,greaman4c@purevolume.com,Female
Clementina,cmatushenko4d@tinypic.com,Female
Axe,atomaskunas4e@vkontakte.ru,Male
Paula,pkorn4f@salon.com,Female
Nanine,nechalier4g@fc2.com,Female
Worth,wgrealish4h@pinterest.com,Male
Gustavus,gpraill4i@edublogs.org,Male
Maisey,mcreswell4j@tripadvisor.com,Female
Mortimer,mlinsay4k@msn.com,Male
Hyman,htolchar4l@spotify.com,Male
Glynn,gmclelland4m@alexa.com,Male
Danila,ddealtry4n@e-recht24.de,Female
Wenonah,wtremain4o@house.gov,Female
Clemmie,cjorez4p@facebook.com,Male
Jaimie,jkunzler4q@gravatar.com,Male
Yankee,ybrandrick4r@merriam-webster.com,Male
Eldridge,elegrys4s@topsy.com,Male
Joy,jcotillard4t@shop-pro.jp,Female
Elinor,edosdale4u@state.tx.us,Female
Craggy,cprantl4v@cnbc.com,Male
Bobbye,bchambers4w@cafepress.com,Female
Schuyler,sslides4x@jimdo.com,Male
Bink,bweblin4y@bbb.org,Male
Lavinie,lgrigorio4z@tmall.com,Female
Denni,dbaxandall50@hugedomains.com,Female
Cristy,cshord51@gnu.org,Female
Billie,bspiaggia52@csmonitor.com,Male
Laurette,lmcewen53@example.com,Female
Alejoa,astebles54@opera.com,Male
Leese,ltuddall55@sohu.com,Female
Horton,hmanners56@com.com,Male
Christabel,ccarstairs57@opensource.org,Female
Nellie,nnorthway58@cafepress.com,Female
Shoshana,swallbank59@ocn.ne.jp,Female
Brok,bsansbury5a@cnbc.com,Male
Nerte,nfinby5b@un.org,Female
Cassandre,chaglington5c@ovh.net,Female
Christi,cfair5d@ehow.com,Female
Nathanial,ngerald5e@nationalgeographic.com,Male
Buckie,bfrankema5f@wisc.edu,Male
Billi,bjackett5g@nih.gov,Agender
Kay,kgloucester5h@odnoklassniki.ru,Female
Tressa,trimmington5i@jimdo.com,Bigender
Prudi,pgillimgham5j@timesonline.co.uk,Genderqueer
Gerome,gpetruszka5k@hhs.gov,Male
Hobie,hcouttes5l@ca.gov,Male
Myron,mrapley5m@indiatimes.com,Male
Lelia,lwortt5n@telegraph.co.uk,Female
Jeni,jknath5o@nps.gov,Non-binary
Pippo,pyearn5p@sphinn.com,Male
Henrie,htape5q@slideshare.net,Female
Shirline,sash5r@army.mil,Female
Kellie,kfardon5s@unicef.org,Genderqueer
Mirabella,mnellis5t@cyberchimps.com,Genderfluid
Sol,scullinan5u@netvibes.com,Male
Nicolais,ngethins5v@de.vu,Male
Sidnee,smuckleston5w@auda.org.au,Male
Mechelle,mtolle5x@cornell.edu,Female
Rochella,renterle5y@howstuffworks.com,Polygender
Leroi,lwinchester5z@uiuc.edu,Male
Maddy,mlownsbrough60@cnet.com,Female
Joletta,jsibbons61@mozilla.org,Agender
Fred,fpiele62@msu.edu,Male
Stephi,sprise63@icq.com,Female
Glendon,gseniour64@google.co.uk,Male
Mel,mmckoy65@canalblog.com,Female
Evelyn,eelgey66@soundcloud.com,Polygender
Winna,wtonge67@comsenz.com,Female
Giffie,gsukbhans68@nature.com,Male
Lyssa,lloughlin69@uiuc.edu,Polygender
Perry,pdowson6a@nasa.gov,Non-binary
Florina,fmilkeham6b@ycombinator.com,Female
Jayson,jgrayling6c@miibeian.gov.cn,Male
Neda,nroxbee6d@elegantthemes.com,Female
Cal,cmoorton6e@freewebs.com,Female
Reuven,rkynder6f@google.es,Genderqueer
Lyell,lhanway6g@cpanel.net,Male
Remington,rcullip6h@abc.net.au,Male
Aprilette,aboom6i@jigsy.com,Female
Gratia,gkemmett6j@netvibes.com,Female
Maxy,mjansson6k@ustream.tv,Male
Gerome,gmoncur6l@mlb.com,Male
Millisent,mmcculley6m@unblog.fr,Female
Sergent,spolin6n@altervista.org,Male
Deane,ddoelle6o@creativecommons.org,Female
Bernard,bhatje6p@parallels.com,Male
Roarke,rgrief6q@prweb.com,Male
Gay,godoireidh6r@upenn.edu,Male
Rickie,rphilipps6s@e-recht24.de,Female
Arin,ajodrelle6t@sciencedirect.com,Male
Hilton,hphilipart6u@diigo.com,Male
Bambi,bmussard6v@chicagotribune.com,Female
Dorolice,druss6w@edublogs.org,Female
Bianka,bholstein6x@youtu.be,Female
Brooke,bifill6y@diigo.com,Polygender
Cort,clowis6z@deviantart.com,Male
Risa,rausher70@samsung.com,Female
Halsy,hbattman71@va.gov,Male
Isaiah,ifilon72@ft.com,Male
Sheri,skardosstowe73@jigsy.com,Non-binary
Mohandis,mkluge74@trellian.com,Male
Freddi,fsaenz75@unicef.org,Female
Caty,cmorgen76@yandex.ru,Female
Fiann,fbear77@ihg.com,Female
Holly,hpaz78@yahoo.com,Male
Pooh,pkerr79@ow.ly,Female
Vaughan,vcoupman7a@a8.net,Male
Milli,mfransseni7b@cloudflare.com,Female
Annaliese,aalcalde7c@tinypic.com,Female
Felike,freinert7d@163.com,Male
Adrianne,aisland7e@omniture.com,Female
Freeman,fconaghy7f@gov.uk,Male
Mignonne,mwoodfin7g@boston.com,Female
Tom,tsive7h@squarespace.com,Male
Bartholomeus,bsussams7i@360.cn,Male
Ignatius,iverner7j@sohu.com,Male
Creight,cpicardo7k@gov.uk,Male
Siffre,sbroggelli7l@google.it,Male
Immanuel,imesser7m@wufoo.com,Male
Gabriell,gwayman7n@diigo.com,Female
Timmie,tswanson7o@reverbnation.com,Male
Chane,cellerbeck7p@blogger.com,Male
Anita,abentham7q@macromedia.com,Bigender
Carlynn,codegaard7r@addthis.com,Female
Barbara,bferres7s@google.ca,Female
Reggie,rcleynman7t@prweb.com,Male
Waylon,wknowler7u@biglobe.ne.jp,Male
Rafaelita,rmoyler7v@flavors.me,Female
Bourke,bscrivin7w@yellowbook.com,Male
Kris,kbonifacio7x@techcrunch.com,Female
Odessa,owason7y@mac.com,Female
Paola,pquenell7z@wp.com,Female
Bliss,brabb80@soup.io,Female
Nannette,nmacginley81@squidoo.com,Female
Shelba,svane82@acquirethisname.com,Genderfluid
Jeremy,jgronav83@upenn.edu,Male
Torin,thorney84@apple.com,Male
Kaila,kgypps85@nbcnews.com,Female
Dana,dlipscomb86@shop-pro.jp,Female
Jilli,jmountford87@quantcast.com,Female
Adda,apedican88@barnesandnoble.com,Female
Karon,kmacneely89@is.gd,Female
Letta,lotoole8a@networkadvertising.org,Agender
Menard,mkos8b@ucoz.ru,Male
Devlen,dpool8c@washington.edu,Male
Ailina,aepelett8d@gnu.org,Non-binary
Mattie,mburbidge8e@barnesandnoble.com,Male
Bessy,bbockmann8f@imdb.com,Female
Margette,mmenilove8g@accuweather.com,Female
Blanch,bpitt8h@digg.com,Female
Harrie,hkenninghan8i@joomla.org,Female
Anders,atorrent8j@people.com.cn,Male
Lila,lblackeby8k@businesswire.com,Female
Bobbe,badamovsky8l@joomla.org,Agender
Kevina,kberesford8m@comcast.net,Female
Stacia,shamal8n@360.cn,Female
Reyna,rcockayne8o@dailymail.co.uk,Female
Philip,pfyfe8p@taobao.com,Male
Walther,wrassmann8q@rakuten.co.jp,Male
Sarina,sfabbri8r@deviantart.com,Female
Keith,kbradder8s@columbia.edu,Genderqueer
Lamont,loheaney8t@twitpic.com,Genderqueer
Maximilianus,mbowne8u@sfgate.com,Male
Gabie,gengledow8v@ucoz.ru,Male
Early,erisbie8w@japanpost.jp,Male
Caresse,ciacomettii8x@disqus.com,Female
Carilyn,candrag8y@sourceforge.net,Female
Jennee,jgherarducci8z@thetimes.co.uk,Female
Stacie,sransfield90@over-blog.com,Female
Allianora,acresser91@sphinn.com,Female
Tiphanie,tsinyard92@harvard.edu,Female
Ancell,aealles93@eventbrite.com,Male
Wally,wgorgler94@geocities.com,Male
Darrelle,dhigford95@businessweek.com,Bigender
Lyndell,lbalasini96@vinaora.com,Female
Kenneth,khayes97@phoca.cz,Male
Prisca,ppickring98@bandcamp.com,Female
Karlie,koliphand99@xrea.com,Female
Mayor,mgribble9a@dmoz.org,Male
Adrienne,atuffrey9b@jimdo.com,Polygender
Dinnie,dtebald9c@bluehost.com,Female
Sharai,stwamley9d@sfgate.com,Female
Karmen,krichardt9e@furl.net,Female
Edmund,ejinda9f@godaddy.com,Male
Goldie,gspires9g@bravesites.com,Female
Roarke,rcluelow9h@over-blog.com,Male
Ellene,ewickes9i@twitpic.com,Female
Aubert,apowrie9j@fotki.com,Male
Jennee,jgawne9k@xing.com,Female
Hasheem,hwalak9l@about.me,Non-binary
Wyatt,whedylstone9m@google.com,Male
Andrej,atorry9n@chronoengine.com,Male
Diandra,dearley9o@businessinsider.com,Female
Harrison,hmithun9p@sina.com.cn,Male
Marilin,mstrevens9q@vimeo.com,Female
Odele,omcging9r@diigo.com,Female
Nolan,nosesnane9s@bloglovin.com,Male
Pia,plearmount9t@rambler.ru,Genderqueer
Cloe,clorens9u@census.gov,Female
Rafaelita,rhitzschke9v@google.pl,Female
Lyndell,lmorphet9w@goo.gl,Female
Sarita,sgitting9x@studiopress.com,Female
Merrill,mferentz9y@altervista.org,Female
Fallon,fbaruch9z@addtoany.com,Female
Gayle,glangridgea0@sourceforge.net,Female
Lin,larderna1@jiathis.com,Female
Leicester,lholwortha2@chicagotribune.com,Male
Hillary,hlambshinea3@indiatimes.com,Female
Hoebart,hwillemana4@sciencedaily.com,Male
Elihu,erubartellia5@cocolog-nifty.com,Male
Leone,loflahertya6@exblog.jp,Female
Hobard,hkrystofa7@vistaprint.com,Agender
Camel,ccougha8@tripadvisor.com,Female
Miquela,mkainea9@instagram.com,Female
Skyler,sdanielotaa@harvard.edu,Male
Winna,wbartonab@mail.ru,Female
Rod,rgreedac@usa.gov,Male
Lennie,laustinad@hp.com,Genderqueer
Moria,mziehmae@yelp.com,Female
Timmy,teberdtaf@amazon.co.uk,Genderqueer
Isidor,iglauberag@mozilla.com,Male
Randall,rthalah@cbsnews.com,Male
Rhody,rbriceai@nih.gov,Female
Theodoric,tbryeraj@jimdo.com,Male
Abba,ajeffcoatak@youku.com,Male
Guillaume,gbiaggellial@fema.gov,Male
Osgood,olambertham@disqus.com,Male
Derron,dprestneran@ucla.edu,Male
Emelda,eyorstonao@npr.org,Female
Thedrick,tphysicap@bandcamp.com,Male
Luce,ldonaghieaq@networkadvertising.org,Genderqueer
Patricia,prileyar@mediafire.com,Female
Thurstan,tnormansellas@archive.org,Male
Eydie,elorrimerat@last.fm,Female
Barb,bmacgianyau@wiley.com,Female
Keven,kfollingav@irs.gov,Male
Else,ecassaw@examiner.com,Female
Eugenio,edowsingax@guardian.co.uk,Male
Wakefield,wmcilwrickay@e-recht24.de,Male
Vina,vdevillieraz@rediff.com,Female
Nelie,npainb0@intel.com,Female
Schuyler,spinchb1@booking.com,Male
Ambros,ashimonb2@free.fr,Male
Antonella,aleabeaterb3@ifeng.com,Female
Galvan,gdrabbleb4@tamu.edu,Male
Evin,ewillougheyb5@unc.edu,Male
Bealle,bbraunb6@github.io,Genderfluid
Jocko,jpallentb7@unesco.org,Male
Suzanne,swoodburnb8@salon.com,Female
Constanta,crobertisb9@ebay.co.uk,Female
Anjela,abrymhamba@yellowbook.com,Female
Ange,awrintmorebb@infoseek.co.jp,Male
Aleda,aholdinbc@diigo.com,Female
Ronnie,rcarthybd@npr.org,Male
Claribel,ccrimpbe@cisco.com,Female
Dur,dmattiassibf@mozilla.com,Male
Padgett,pmoxsonbg@cnet.com,Bigender
Alfie,afrankenbh@mayoclinic.com,Female
Torrey,tvaudreybi@google.co.jp,Male
Beatrisa,bdunbj@unicef.org,Female
Nealson,nmaccrossanbk@xing.com,Male
Andreas,amaynellbl@infoseek.co.jp,Male
Eran,ecorainbm@list-manage.com,Female
Katharina,kpietzbn@blogger.com,Female
Denney,dpeerlessbo@columbia.edu,Male
Salomi,sprangnellbp@cnbc.com,Genderqueer
Vaughn,vdignambq@diigo.com,Male
Noemi,ndanilishinbr@springer.com,Female
Clo,cparamanbs@cnn.com,Female
Currey,cwalbrunbt@creativecommons.org,Male
Rose,rbueybu@gnu.org,Female
Brook,bbenninckbv@so-net.ne.jp,Female
Jordain,jgamesonbw@google.cn,Female
Jessy,jivkovicbx@facebook.com,Female
Elias,estiegarby@shutterfly.com,Male
Kerry,kthompstonebz@bloglines.com,Male
Lorenzo,lduckittc0@storify.com,Male
Amie,alenoirc1@friendfeed.com,Female
Dayna,dlovellc2@cocolog-nifty.com,Agender
Patrizius,pmansfieldc3@webeden.co.uk,Male
Murdoch,mboync4@godaddy.com,Male
Odelle,odyersc5@oakley.com,Agender
Parker,prawsenc6@theguardian.com,Male
Kaye,khughesc7@dion.ne.jp,Female
Zachariah,zjosselc8@sbwire.com,Male
Marijn,mluppittc9@icq.com,Male
Sterne,sbaldingca@blogs.com,Male
Faith,faphalecb@state.gov,Female
Lillian,lballendinecc@friendfeed.com,Female
Nevin,ncheeneycd@jigsy.com,Male
Annelise,araoce@reverbnation.com,Female
Joyan,jpaddingtoncf@dedecms.com,Female
Gwenneth,glottringtoncg@topsy.com,Female
Dillie,dtruslerch@reuters.com,Male
Annora,alewsyci@jiathis.com,Female
Meryl,mripshercj@bloglines.com,Male
Lorrie,lcoppock@nymag.com,Female
Gaye,gdurstoncl@spiegel.de,Female
Ursuline,umatteuzzicm@nydailynews.com,Female
Levin,lbenziescn@csmonitor.com,Male
Frayda,fbleslico@theatlantic.com,Female
Allyn,aellescp@xinhuanet.com,Female
Padriac,pvanveldencq@nyu.edu,Male
Suzette,sshenfishcr@netvibes.com,Female
Llywellyn,lstockneycs@wikia.com,Male
Jean,jtolletct@npr.org,Male
Terrence,tstothardcu@cpanel.net,Male
Yolanda,ymagaurancv@harvard.edu,Female
Annaliese,acornallcw@people.com.cn,Female
Jake,jmenaulcx@gizmodo.com,Bigender
Darwin,dgentschcy@dyndns.org,Male
Britt,bburgnecz@illinois.edu,Male
Lockwood,liansond0@wiley.com,Male
Rae,rleonardd1@godaddy.com,Female
Timmie,tlownsbroughd2@a8.net,Male
Kelli,kacomd3@123-reg.co.uk,Female
Arie,abortolussid4@ucla.edu,Male
Modestia,mmcfarland5@blogtalkradio.com,Female
Gayla,gchadbourned6@last.fm,Female
Branden,bdunkleed7@google.ru,Male
Kelcey,kmcdavittd8@indiegogo.com,Female
Celia,ccanacottd9@usgs.gov,Female
Rustie,rspicerda@zimbio.com,Male
Genovera,gduberydb@studiopress.com,Female
Thurston,tcouledc@sitemeter.com,Male
Huntlee,hmillichapdd@dropbox.com,Male
Austina,alockyerde@soundcloud.com,Female
Bernetta,bdavidoviczdf@umn.edu,Female
Janot,jbraisherdg@soup.io,Female
Zsa zsa,zfowlestonedh@netvibes.com,Genderfluid
Teriann,tworssamdi@utexas.edu,Female
Meghan,mduchartdj@ning.com,Female
Piotr,pschuttedk@jimdo.com,Male
Zeke,zbankerdl@hao123.com,Male
Jemmy,jocorhanedm@illinois.edu,Female
Deny,daberchirderdn@google.it,Female
Shana,splacidodo@hibu.com,Female
Ailene,ahallingdp@redcross.org,Female
Huntley,hbaldackdq@un.org,Male
Ronnie,rpenchendr@purevolume.com,Male
Blinny,bsokaleds@princeton.edu,Female
Jill,jforbesdt@blogspot.com,Female
Wang,wmithamdu@discovery.com,Male
Kendra,kbratcherdv@ucoz.ru,Female
Lelia,lbowndw@friendfeed.com,Female
Rosy,rchesleydx@cargocollective.com,Female
Fredrika,fbridelldy@domainmarket.com,Female
Jeramey,jsantacroledz@adobe.com,Male
Lonnie,lgrocutte0@opensource.org,Male
Travis,tyatmane1@latimes.com,Male
Evy,estillye2@statcounter.com,Female
Filberto,fyannikove3@dagondesign.com,Male
Jone,jgaulte4@umich.edu,Male
Arley,adallase5@google.cn,Male
Conant,cbaylaye6@vk.com,Male
Hilton,hlindeberge7@scribd.com,Male
Correy,cbednelle8@bloglovin.com,Male
Simone,sansteade9@washington.edu,Male
Stanleigh,sjaquissea@nytimes.com,Male
Simmonds,sdigregorioeb@vk.com,Male
Brewer,bkirkhouseec@delicious.com,Agender
Dotti,dnuttened@fastcompany.com,Female
Licha,lrueee@zdnet.com,Non-binary
Garvy,gsnoxallef@mail.ru,Male
Thorin,tcoweyeg@shop-pro.jp,Non-binary
Arley,aorboneh@unesco.org,Male
Windy,wdotterillei@rakuten.co.jp,Female
Cynthie,cpalfreemanej@pinterest.com,Female
Richie,rschmuhlek@loc.gov,Male
Guendolen,gpettegreeel@ucoz.ru,Female
Reggi,rhayleem@bing.com,Female
Nappy,nkeningleyen@illinois.edu,Male
Veriee,vbarszczewskieo@163.com,Female
Willie,wbarckep@yellowpages.com,Female
Ellissa,eclaussoneq@taobao.com,Female
Emmye,eoshevlaner@google.pl,Bigender
Justine,jmullisses@opera.com,Female
Waylon,wdisset@google.co.jp,Male
Oby,omatteaeu@ask.com,Male
Seumas,sbroxupev@yelp.com,Male
Tad,tbethamew@mozilla.org,Male
Bobbette,bversonex@miitbeian.gov.cn,Bigender
Lance,leidelmaney@goo.ne.jp,Male
Paola,psiggsez@umich.edu,Female
Leigha,lardernef0@yellowbook.com,Female
Emera,emolef1@vinaora.com,Female
Phillipe,pmesantf2@imageshack.us,Male
Collin,cwathanf3@wikimedia.org,Male
Kimball,kglaviasf4@house.gov,Male
Gran,gcapelenf5@shinystat.com,Male
Grannie,gsafhillf6@sciencedaily.com,Genderqueer
Bette,bwelsbyf7@chron.com,Female
See,sbickertonf8@usda.gov,Male
Rosetta,rrunseyf9@alexa.com,Female
Jenda,jbernettefa@about.com,Female
Lothario,lbaggerfb@wp.com,Male
Sky,sluckeyfc@gov.uk,Agender
Bernardine,bszachniewiczfd@webs.com,Female
Chad,ccourceyfe@symantec.com,Female
Millicent,mgogartyff@example.com,Female
Case,cphupratefg@gizmodo.com,Male
Vaughan,vtumiltyfh@ca.gov,Male
Irina,ifurstfi@bing.com,Female
Kath,krousselfj@ca.gov,Female
Lyssa,lclorleyfk@sun.com,Female
Ertha,eshepperdfl@mozilla.org,Female
Suki,slindemanfm@macromedia.com,Female
Winny,wdangelofn@cdbaby.com,Male
Shellie,sdragoefo@etsy.com,Female
Norene,nlourencofp@godaddy.com,Female
Nerta,nclemmowfq@myspace.com,Female
Winifred,wwolfarthfr@newyorker.com,Female
Whittaker,wbonnairefs@icq.com,Male
Shelagh,sandrellift@bing.com,Non-binary
Ricardo,rhagertyfu@engadget.com,Male
Zebedee,zgrimsdykefv@tamu.edu,Male
Tana,tlismerfw@amazon.co.jp,Female
Ernie,eduplantierfx@linkedin.com,Male
Dorothy,dengallfy@google.co.uk,Polygender
Haily,hkubasiewiczfz@goodreads.com,Male
Lazar,lespositag0@miitbeian.gov.cn,Male
Durante,droystong1@newyorker.com,Genderqueer
Alex,amaccaigg2@yellowpages.com,Female
Cordula,cseniorg3@diigo.com,Non-binary
Issy,iminihaneg4@parallels.com,Female
Gerick,gmathiasg5@slideshare.net,Male
Dorothea,dpeertg6@behance.net,Female
Dodie,ddenisovichg7@washington.edu,Female
Ruy,rgarryg8@noaa.gov,Male
Gweneth,gtoraldg9@hexun.com,Female
Dreddy,dwarrickga@ibm.com,Bigender
Phyllys,pbignalgb@infoseek.co.jp,Non-binary
Barn,bshenleygc@senate.gov,Male
Casi,ccalderheadgd@statcounter.com,Female
Ethelin,emariyushkinge@php.net,Genderfluid
Andrew,aheinleingf@usatoday.com,Male
Gris,gbagguleygg@nifty.com,Male
Morly,miohananofgh@gmpg.org,Male
Vaughan,vwellbelovedgi@washingtonpost.com,Male
Gustav,ggowthropgj@friendfeed.com,Bigender
Albert,aeddowisgk@naver.com,Male
Eleanora,estrahangl@last.fm,Female
Benedikt,borielgm@squidoo.com,Male
Gardy,gjerschkegn@wiley.com,Male
Silvie,sboribalgo@foxnews.com,Female
Brana,bravenhillgp@oaic.gov.au,Genderqueer
Harriot,hugolettigq@1688.com,Female
Ambrosi,atwoohygr@statcounter.com,Polygender
Elnore,erizzillogs@state.tx.us,Female
Amerigo,aharvardgt@csmonitor.com,Male
Ferdy,fbewfieldgu@un.org,Male
Liesa,ldugangv@yale.edu,Female
Herb,hhundallgw@pinterest.com,Male
Loralee,lbishopgx@earthlink.net,Female
Reinold,rsunmangy@umn.edu,Male
Margarethe,mklaggemangz@goo.ne.jp,Female
Garey,gdundendaleh0@shop-pro.jp,Male
Ive,iteglerh1@histats.com,Male
Reynold,rspencockh2@disqus.com,Male
Niall,nbaughh3@taobao.com,Male
Alano,aarmandh4@uol.com.br,Male
Andros,ablaaseh5@si.edu,Male
Dal,dbrittenh6@eepurl.com,Male
Bryna,bghiriardellih7@mayoclinic.com,Female
Alyse,akubasekh8@ucoz.ru,Female
Hermon,hlangfath9@imdb.com,Male
Oren,ohaxellha@wufoo.com,Male
Aubree,akornousekhb@deliciousdays.com,Female
Erika,ekornalikhc@princeton.edu,Female
Tedi,tadneyhd@cloudflare.com,Genderfluid
Kate,kloadhe@godaddy.com,Female
Valeda,vreysonhf@google.fr,Female
Meggy,mmcswanhg@mediafire.com,Female
Francoise,fludewighh@mail.ru,Female
Tabbie,tgreenerhi@goodreads.com,Female
Ellary,edobinghj@amazon.co.jp,Male
Noellyn,ningarfillhk@biglobe.ne.jp,Genderfluid
Tobye,thenkehl@com.com,Female
Emerson,emarkinghm@github.io,Male
Hunt,hhubandhn@hexun.com,Non-binary
Emilia,eshortinho@goo.gl,Female
Sherman,sduberyhp@rakuten.co.jp,Male
Foster,fclealhq@diigo.com,Male
Brandy,bfaierhr@ezinearticles.com,Male
Alano,aroscrigghs@samsung.com,Genderfluid
Vic,vtrenchardht@ifeng.com,Male
Alvan,adionisiihu@wunderground.com,Male
Obediah,oalnerhv@mapquest.com,Male
Tanner,tbleeshw@unblog.fr,Male
Olenka,ospeedinhx@odnoklassniki.ru,Female
Joelie,jparfreyhy@addtoany.com,Female
Loella,lgilbertsonhz@businesswire.com,Female
Halsey,hstorrei0@list-manage.com,Male
Giffer,gbrocklesbyi1@examiner.com,Male
Dillie,dsabani2@webmd.com,Male
Read,rvoulsi3@spotify.com,Male
Nikos,nhalkyardi4@skype.com,Non-binary
Olimpia,oconstancei5@barnesandnoble.com,Female
Sauveur,sterneyi6@globo.com,Male
Iorgos,icreenani7@un.org,Genderqueer
Christiane,csenoglesi8@google.co.uk,Female
Gilly,gpencosti9@europa.eu,Female
Alwyn,aespadateia@discovery.com,Polygender
Mano,mdownseib@nih.gov,Male
Cesare,crobbingsic@soundcloud.com,Male
Jaynell,jpaulonid@lycos.com,Female
Mar,mdrakeie@bizjournals.com,Male
Wynn,wcolmoreif@bloomberg.com,Male
Maxy,mpettig@soup.io,Male
Paula,pbraidenih@networksolutions.com,Female
Wynn,wholbornii@columbia.edu,Male
Hermina,hgolledgeij@drupal.org,Female
Netti,nhurdleik@scientificamerican.com,Non-binary
Richmond,rsaxtonil@java.com,Male
Gorden,gdrayim@engadget.com,Bigender
Gusty,gpepysin@blogspot.com,Female
Raddie,rvahlio@mysql.com,Agender
Jessika,jfouldsip@paginegialle.it,Genderqueer
Billy,bmcilhattoniq@about.me,Male
Valle,vlapsleyir@jimdo.com,Male
Pippy,ptaschis@dyndns.org,Female
Clem,cclorleyit@illinois.edu,Male
Miguelita,mopdenorthiu@cbc.ca,Female
Lyn,lroscriggiv@tinypic.com,Genderfluid
Verne,vmeynelliw@goo.gl,Male
Wilona,wivettix@senate.gov,Female
Malena,mskuceiy@edublogs.org,Female
Tamqrah,twitheropiz@tinypic.com,Female
Carlina,cgalletlyj0@bizjournals.com,Female
Valentia,vwesternj1@typepad.com,Female
Finley,flugsdinj2@time.com,Male
Caye,cchildsj3@blog.com,Female
Sanson,sobreenj4@psu.edu,Male
Deerdre,druppertzj5@blogs.com,Female
Kore,kstripplingj6@marketwatch.com,Bigender
Valli,vbosketj7@epa.gov,Female
Tove,tambrogellij8@google.ca,Female
Inesita,ibanbrickj9@bing.com,Female
Ferdy,flansdownja@wikispaces.com,Male
Shepard,smunciejb@ucoz.ru,Male
Syman,semsonjc@psu.edu,Male
Cairistiona,cwillmanjd@blogs.com,Genderqueer
Ariella,aguittonje@ucoz.com,Female
Lucilia,lshadrachjf@icq.com,Female
Brittaney,bwindlessjg@multiply.com,Female
Raimund,rdemejh@multiply.com,Male
Abe,apauluschji@java.com,Male
Dayle,drogeronjj@unicef.org,Female
Rickard,rrebertjk@weather.com,Male
Jodie,jfearfulljl@ox.ac.uk,Male
Rem,rpiechnikjm@desdev.cn,Male
Tamiko,toshaughnessyjn@shinystat.com,Female
Clevey,cfetherstonejo@amazon.co.uk,Male
Griffy,gvickerjp@guardian.co.uk,Male
Licha,lmulhilljq@state.gov,Female
Errol,egrummittjr@globo.com,Male
Grantham,gyuryatinjs@tinypic.com,Male
Herbert,hexterjt@csmonitor.com,Male
Kat,kmardellju@smh.com.au,Female
Louis,lshillabeerjv@google.nl,Male
Adore,afakeleyjw@nsw.gov.au,Female
Hank,hmosedalljx@tamu.edu,Male
Brantley,bbrouardjy@cdbaby.com,Male
Othella,odymockejz@printfriendly.com,Agender
Conan,cmaccaigk0@geocities.jp,Male
Willetta,wdelacostek1@hubpages.com,Female
Pierce,pwavellk2@msn.com,Male
Michaella,mblindk3@desdev.cn,Female
Ethel,eitzkovk4@multiply.com,Female
Isaiah,ichaudhryk5@admin.ch,Male
Papageno,plaffordk6@webeden.co.uk,Male
Bevan,bmowsdillk7@loc.gov,Male
Roddy,rhamiltonk8@ebay.co.uk,Non-binary
Cathrine,caltik9@deliciousdays.com,Female
Ferdinand,flongthorneka@vistaprint.com,Male
Gerrie,glepoidevinkb@amazon.com,Male
Casey,ctutsellkc@businessinsider.com,Male
Dora,dmccobbkd@mtv.com,Female
Cassy,coscannillke@list-manage.com,Female
Shana,smumfordkf@booking.com,Female
Tristan,tbraisherkg@scribd.com,Male
Kristyn,kgibbesonkh@list-manage.com,Female
Rorke,rgodierki@sitemeter.com,Male
Curry,csherbrookkj@japanpost.jp,Male
Ladonna,lbrunningkk@vimeo.com,Female
Felipa,ftyddkl@nymag.com,Female
Jameson,jmclewdkm@studiopress.com,Male
Ramsey,rcalverdkn@irs.gov,Male
Wiatt,wcosterko@google.fr,Male
Kenna,kkillguskp@google.ru,Bigender
Beltran,bvedyasovkq@wired.com,Male
Hayley,hjochenkr@sphinn.com,Female
Dougy,dickowicsks@cpanel.net,Male
Morten,mmcginniskt@weebly.com,Male
Adda,akingsnoadku@economist.com,Female
Ximenez,xespleykv@netlog.com,Male
Ferdinand,fdrinkalekw@delicious.com,Male
Jaime,jgurrykx@chron.com,Female
Mahmud,msultanaky@auda.org.au,Male
Peder,pblowkz@ed.gov,Male
Gale,gvongrollmannl0@mashable.com,Female
Delly,dadlaml1@un.org,Female
Hesther,hrillstonel2@diigo.com,Female
Kimmy,ksleenyl3@jugem.jp,Female
Anne,afreakl4@msn.com,Female
Hillel,hbotrightl5@geocities.jp,Male
Normand,ndruittl6@cafepress.com,Male
Frederigo,fseell7@comsenz.com,Male
Alla,alamblotl8@disqus.com,Female
Pietrek,pstittlel9@businessweek.com,Male
Alastair,avogeleinla@upenn.edu,Male
Rolph,rbramwelllb@is.gd,Male
Avrom,afreemantlelc@boston.com,Genderfluid
Ruthi,rkingswoldld@google.ru,Female
Beulah,bbiggamle@mapy.cz,Genderqueer
Lotta,ltolomiolf@goo.ne.jp,Genderfluid
Luce,lesplinlg@topsy.com,Male
Deina,dbrazillh@google.fr,Female
Rubetta,rgrestieli@sbwire.com,Female
Don,dbehnincklj@ca.gov,Male
Alene,aharselk@admin.ch,Female
Nikolos,ncolbrunll@mozilla.org,Male
Aland,adorotlm@usatoday.com,Male
Igor,ivaladezln@printfriendly.com,Male
Devon,dvizorlo@nature.com,Female
Krysta,kfockelp@friendfeed.com,Female
Reidar,rsaddingtonlq@discovery.com,Male
Jillayne,jkerrichlr@cafepress.com,Non-binary
Margit,meverardls@hp.com,Female
Fraze,ffarnfieldlt@shinystat.com,Male
Pippa,pbirchettlu@squidoo.com,Female
Alf,amannslv@slate.com,Male
Roland,rleimsterlw@canalblog.com,Male
Georgiana,gconkielx@so-net.ne.jp,Female
Luce,ldentonly@sbwire.com,Male
Gracia,glugtonlz@cocolog-nifty.com,Female
Brenden,boshirinem0@stumbleupon.com,Male
Christyna,cswynm1@apple.com,Female
Donny,dhemeretm2@engadget.com,Female
Tera,tcrutchleym3@google.nl,Female
Myrtle,mcunnowm4@freewebs.com,Female
Ashely,acrolem5@youku.com,Female
Rozalin,rhulkem6@techcrunch.com,Bigender
Lorri,llapishm7@skyrock.com,Female
Winthrop,wdaultonm8@va.gov,Male
Melisandra,mgerglerm9@bravesites.com,Female
Barnett,bmenhamma@latimes.com,Male
Tedman,tiredellmb@cornell.edu,Male
Casper,cwickwarthmc@accuweather.com,Non-binary
Jewel,jrichardsmd@disqus.com,Female
Trstram,tterneme@phpbb.com,Male
Rory,rgrowdenmf@goo.ne.jp,Male
Perceval,pjakemanmg@goo.ne.jp,Male
Morgen,mtumbeltymh@tripadvisor.com,Female
Anthea,adepkemi@wiley.com,Female
Leola,lbasketfieldmj@ihg.com,Female
Gardie,gbatchmk@sourceforge.net,Male
Alex,agoodinsonml@qq.com,Agender
Roxy,rrichmondmm@independent.co.uk,Female
Morgan,mdealmeidamn@mozilla.org,Male
Annora,amargremmo@ezinearticles.com,Female
Matthieu,mmcfetrichmp@spotify.com,Male
Kaja,khubymq@irs.gov,Female
Alla,ajeffesmr@disqus.com,Female
Lynelle,ltumbeltyms@huffingtonpost.com,Female
Benjie,bciementinimt@squidoo.com,Male
Tonya,tmedcraftmu@slate.com,Female
Emmalyn,eleapmv@joomla.org,Female
Alain,arushbymw@csmonitor.com,Male
Adorne,amellowsmx@miitbeian.gov.cn,Female
Burgess,bdungemy@nhs.uk,Male
Eleni,eoenmz@pen.io,Female
Desiree,dbaintonn0@discovery.com,Female
Wang,wabramowitzn1@wikia.com,Male
Merwin,mrothonn2@xinhuanet.com,Male
Temp,tduddenn3@yelp.com,Male
Malina,mbridgnelln4@census.gov,Female
Henryetta,hjouanetonn5@wikipedia.org,Female
Claudius,cgwinn6@linkedin.com,Male
Xylina,xlorrowayn7@homestead.com,Female
Albert,alebondn8@acquirethisname.com,Male
Karyn,kschneidern9@umich.edu,Female
Ella,eguddena@ted.com,Female
Chelsae,ckinghnb@ihg.com,Female
Melly,mmcomishnc@cnbc.com,Female
Thor,tblaszczaknd@ft.com,Male
Webster,wastallne@oracle.com,Male
Robinette,respadasnf@jiathis.com,Female
Morry,mvandevliesng@oakley.com,Male
Lanny,ldoenh@utexas.edu,Male
Dickie,ddaineni@huffingtonpost.com,Male
Hercules,hrudingernj@geocities.com,Male
Fulton,fgallivernk@ow.ly,Male
Rycca,rboothebienl@skype.com,Female
Abner,aworsomnm@earthlink.net,Bigender
Avigdor,arizzolonn@tiny.cc,Male
Ulrike,ucrockfordno@statcounter.com,Female
Bidget,bbaxternp@sciencedaily.com,Bigender
Ethyl,elenourynq@vkontakte.ru,Female
Esme,eferreronr@tmall.com,Male
Hercule,hivachyovns@linkedin.com,Male
Maximilianus,mklischnt@abc.net.au,Male
Rickard,rbrosekenu@icq.com,Male
Stanislas,sdufernv@uol.com.br,Male
Whitaker,wblemingsnw@tuttocitta.it,Male
Durante,dschimonnx@cnbc.com,Male
Dosi,ddillingerny@scientificamerican.com,Female
Rolando,rberthelnz@opera.com,Male
Aylmer,acastangiao0@macromedia.com,Male
Cointon,cflyeo1@uol.com.br,Genderfluid
Gardie,gsimonetono2@naver.com,Male
Zaneta,zwoolgaro3@spiegel.de,Female
Frederico,fhadweno4@e-recht24.de,Male
Noah,nconnalo5@cmu.edu,Male
Ford,feagello6@desdev.cn,Bigender
Jon,jnelthorpo7@amazon.com,Male
Jerrome,jbullucko8@shinystat.com,Male
Anitra,apapiso9@irs.gov,Female
Cobbie,ckalaheroa@yelp.com,Male
Danielle,drowthornob@seattletimes.com,Female
Tedmund,twhitloeoc@disqus.com,Male
Myron,mfrangellood@artisteer.com,Male
Ailey,aaburrowoe@cmu.edu,Bigender
Natividad,nuffof@ezinearticles.com,Female
Dena,dkemmerog@mashable.com,Female
Devy,dmandelloh@rakuten.co.jp,Male
Therine,tchoulesoi@shutterfly.com,Female
Giorgi,ghadgkissoj@xrea.com,Male
Blinnie,broderok@sphinn.com,Female
Theobald,thamorol@dot.gov,Male
Shanie,sdearnessom@163.com,Female
Benyamin,btitlowon@ovh.net,Agender
Elita,egilyottoo@ocn.ne.jp,Female
Frederigo,fcoilsop@nsw.gov.au,Male
Rich,redgelloq@aboutads.info,Male
Elizabet,ecannamor@squidoo.com,Female
Minerva,mbevilleos@cpanel.net,Female
Martainn,mcorkittot@google.co.uk,Male
Jillian,jyardyou@pagesperso-orange.fr,Female
Sibby,solleov@netlog.com,Female
Junia,jbartholomausow@slate.com,Female
Lark,lpinnereox@imageshack.us,Female
Eli,egolbornoy@rediff.com,Male
Gladi,gsieuroz@people.com.cn,Female
Horacio,hsamwayep0@cpanel.net,Genderfluid
Locke,larkilp1@youku.com,Male
Bancroft,bkennifeckp2@tumblr.com,Male
Jeralee,jsprullp3@harvard.edu,Female
Hayley,hgrzeszczykp4@diigo.com,Female
Carmina,cocurneenp5@patch.com,Female
Berkeley,bciepluchp6@google.pl,Male
Heath,hmelsomep7@networkadvertising.org,Genderqueer
Adams,acommuccip8@engadget.com,Male
Gerhardt,gdyballp9@phpbb.com,Male
Wildon,wfalconertaylorpa@princeton.edu,Male
Dale,dchethampb@dagondesign.com,Female
Marga,mphelipeauxpc@goodreads.com,Female
Lainey,ljenynspd@gov.uk,Female
Maddy,mstaffordpe@over-blog.com,Male
Porter,pbucherpf@furl.net,Non-binary
Camey,camerpg@sphinn.com,Male
Oberon,otitheringtonph@bloglovin.com,Male
Jarrid,jnorreypi@weibo.com,Male
Lancelot,lceelypj@independent.co.uk,Male
Sebastien,stillypk@google.it,Male
Quill,qlogsdailpl@sphinn.com,Male
Byron,bcaldwellpm@dyndns.org,Male
Celie,craritypn@ow.ly,Female
Reggy,rmazdonpo@linkedin.com,Male
Bethany,bpatenpp@nifty.com,Female
Kathie,kpollardpq@salon.com,Female
Emile,emacavddypr@ihg.com,Male
Chelsae,cgreatlandps@ihg.com,Female
Livvy,ljoostpt@cloudflare.com,Female
Emelen,edeaguirrepu@facebook.com,Male
Wilhelmina,wpergenspv@seattletimes.com,Female
Olivier,oolkowiczpw@ebay.com,Male
Goddart,goclerypx@hexun.com,Male
Saw,sseverspy@sun.com,Male
Cordelie,cbrodwaypz@storify.com,Genderqueer
Madelle,mjoinerq0@archive.org,Female
Anica,awolverq1@printfriendly.com,Female
Sherwood,sairetonq2@amazon.co.uk,Male
Upton,utoulchq3@archive.org,Agender
Carroll,cdundredgeq4@columbia.edu,Female
Jaquelin,jdilworthq5@ow.ly,Female
Imogen,iclearleyq6@msu.edu,Female
Joanne,jnodenq7@123-reg.co.uk,Female
Jackie,jbierq8@netlog.com,Male
Rolando,rhackeyq9@amazonaws.com,Male
Cara,cchateqa@sohu.com,Female
Yancy,ypagettqb@1und1.de,Male
Merill,msandwickqc@netscape.com,Male
Perla,ppriverqd@yahoo.com,Female
Didi,darnaudonqe@wunderground.com,Agender
Tommie,tliverockqf@devhub.com,Genderfluid
Malinde,mrowettqg@xrea.com,Female
Leesa,ltalesqh@cbsnews.com,Female
Olly,onoadesqi@timesonline.co.uk,Male
Rowland,rwestgateqj@bloglines.com,Genderqueer
Tanney,thalseyqk@marketwatch.com,Male
Corbet,csirmondql@house.gov,Male
Dorolice,dsircombeqm@privacy.gov.au,Bigender
Loren,llongsonqn@hostgator.com,Male
Dorothy,dhardenqo@army.mil,Polygender
Leyla,lmankorqp@topsy.com,Female
Wadsworth,wriggertqq@yale.edu,Bigender
Sacha,sworthyqr@reddit.com,Female
Robinette,rwatmoreqs@1688.com,Agender
Thurstan,tchampnessqt@naver.com,Male
Alyse,aheinlequ@networkadvertising.org,Female
Binky,bcastanaqv@mozilla.com,Male
Loralyn,lgreggsqw@ning.com,Female
Latashia,lberrisfordqx@auda.org.au,Genderfluid
Verna,vrowsonqy@clickbank.net,Female
Hanny,hlatusqz@alibaba.com,Female
Ernest,erunnallsr0@indiegogo.com,Male
Ewart,estearnsr1@wisc.edu,Male
Olvan,ojurekr2@icio.us,Male
Ber,boxxr3@soup.io,Male
Annadiana,agardnerr4@a8.net,Female
Sherrie,sgoochr5@moonfruit.com,Female
Rowe,rhenkerr6@quantcast.com,Female
Keene,kupstonr7@vistaprint.com,Polygender
Viviyan,vlaudhamr8@senate.gov,Female
Nate,npawlikr9@yellowbook.com,Male
Linnet,lhartburnra@oracle.com,Female
Kaine,kpippardrb@utexas.edu,Male
Milo,mstockeyrc@dell.com,Male
Carolin,ccatterellrd@nps.gov,Female
Royce,ralcidere@networksolutions.com,Male
Rona,rmurdochrf@va.gov,Female
Bond,bmivalrg@msn.com,Male
Aeriela,awebbrh@toplist.cz,Female
Grange,gwhiteheadri@unesco.org,Male
Davidson,dashlingrj@zimbio.com,Male
Waldo,wholehouserk@linkedin.com,Male
Greg,ggarawayrl@bigcartel.com,Male
Jonie,jbykrm@mapquest.com,Non-binary
Renado,rmaccrackanrn@amazon.co.jp,Male
Giselbert,ghaslamro@51.la,Male
Fletch,fmerillrp@jigsy.com,Male
Starr,sphinnisrq@linkedin.com,Female
Franni,fgogginsrr@phpbb.com,Female
